1,Diane King,699489207,Diane.King@fakegmail.com
2,Jimmy Wilson,799580212,Jimmy.Wilson@fakegmail.com
3,Virginia Gonzalez,697177931,Virginia.Gonzalez@fakegmail.com
4,Joyce Miller,884629703,Joyce.Miller@fakegmail.com
5,Jonathan Morris,733163128,Jonathan.Morris@fakegmail.com
6,Sean Hall,722917018,Sean.Hall@fakegmail.com
7,Brian Robinson,666975536,Brian.Robinson@fakegmail.com
8,Michelle Ward,572694901,Michelle.Ward@fakegmail.com
9,Roger Murphy,795175833,Roger.Murphy@fakegmail.com
10,Ryan Lee,538827878,Ryan.Lee@fakegmail.com
11,Teresa Baker,789985120,Teresa.Baker@fakegmail.com
12,Steve Watson,789023344,Steve.Watson@fakegmail.com
13,Brenda Patterson,884820003,Brenda.Patterson@fakegmail.com
14,Elizabeth Perry,728881830,Elizabeth.Perry@fakegmail.com
15,Jacqueline Simmons,668314103,Jacqueline.Simmons@fakegmail.com
16,Jane Bell,699627831,Jane.Bell@fakegmail.com
17,Donna Harris,739348235,Donna.Harris@fakegmail.com
18,Joe Cook,789892986,Joe.Cook@fakegmail.com
19,Susan Cox,537916271,Susan.Cox@fakegmail.com
20,Bobby Barnes,781000871,Bobby.Barnes@fakegmail.com
21,Jack Russell,795509682,Jack.Russell@fakegmail.com
22,Annie Butler,729455700,Annie.Butler@fakegmail.com
23,Sharon Foster,881518495,Sharon.Foster@fakegmail.com
24,Michael Williams,666454680,Michael.Williams@fakegmail.com
25,Douglas Collins,793351238,Douglas.Collins@fakegmail.com
26,Justin Peterson,795570094,Justin.Peterson@fakegmail.com
27,Emily Wood,794354306,Emily.Wood@fakegmail.com
28,Kathy Stewart,786372923,Kathy.Stewart@fakegmail.com
29,Ruth Walker,722955643,Ruth.Walker@fakegmail.com
30,Paul Ross,793654787,Paul.Ross@fakegmail.com
31,Jerry Brown,795877031,Jerry.Brown@fakegmail.com
32,Clarence Rodriguez,793946672,Clarence.Rodriguez@fakegmail.com
33,Mary Washington,728468902,Mary.Washington@fakegmail.com
34,Kevin Martin,880147638,Kevin.Martin@fakegmail.com
35,Gregory Bryant,794583755,Gregory.Bryant@fakegmail.com
36,Howard Reed,692156359,Howard.Reed@fakegmail.com
37,Tammy Thomas,780552377,Tammy.Thomas@fakegmail.com
38,Robert Bennett,666127301,Robert.Bennett@fakegmail.com
39,Harold Richardson,793467553,Harold.Richardson@fakegmail.com
40,Todd Kelly,733250679,Todd.Kelly@fakegmail.com
41,Jesse Wright,666013896,Jesse.Wright@fakegmail.com
42,Patrick Davis,696090453,Patrick.Davis@fakegmail.com
43,Maria Allen,536660663,Maria.Allen@fakegmail.com
44,Melissa Anderson,792188147,Melissa.Anderson@fakegmail.com
45,Eric Lewis,793346768,Eric.Lewis@fakegmail.com
46,Theresa Phillips,531785871,Theresa.Phillips@fakegmail.com
47,Diana Turner,603614505,Diana.Turner@fakegmail.com
48,Juan Perez,795039257,Juan.Perez@fakegmail.com
49,Gloria Torres,795578301,Gloria.Torres@fakegmail.com
50,Martin Griffin,532436850,Martin.Griffin@fakegmail.com
51,Jessica Rogers,662911148,Jessica.Rogers@fakegmail.com
52,Willie Jackson,571277951,Willie.Jackson@fakegmail.com
53,Kenneth White,789477624,Kenneth.White@fakegmail.com
54,Anne Sanchez,535301356,Anne.Sanchez@fakegmail.com
55,Evelyn Sanders,665010394,Evelyn.Sanders@fakegmail.com
56,Daniel Long,881274436,Daniel.Long@fakegmail.com
57,Phillip Campbell,729496927,Phillip.Campbell@fakegmail.com
58,Lisa Powell,699203095,Lisa.Powell@fakegmail.com
59,Keith James,881735454,Keith.James@fakegmail.com
60,Victor Gonzales,690874976,Victor.Gonzales@fakegmail.com
61,Judy Rivera,722039948,Judy.Rivera@fakegmail.com
62,George Edwards,796322733,George.Edwards@fakegmail.com
63,Denise Green,699020054,Denise.Green@fakegmail.com
64,Chris Clark,881042519,Chris.Clark@fakegmail.com
65,Jose Jenkins,690991174,Jose.Jenkins@fakegmail.com
66,Cheryl Henderson,722791333,Cheryl.Henderson@fakegmail.com
67,Andrea Johnson,882274323,Andrea.Johnson@fakegmail.com
68,Timothy Garcia,737699852,Timothy.Garcia@fakegmail.com
69,Brandon Gray,666673418,Brandon.Gray@fakegmail.com
70,Walter Brooks,727728343,Walter.Brooks@fakegmail.com
71,Bonnie Parker,722207924,Bonnie.Parker@fakegmail.com
72,Julia Flores,728418558,Julia.Flores@fakegmail.com
73,Janice Coleman,731533457,Janice.Coleman@fakegmail.com
74,Ernest Bailey,699074284,Ernest.Bailey@fakegmail.com
75,Jason Nelson,699007482,Jason.Nelson@fakegmail.com
76,Kelly Smith,690216704,Kelly.Smith@fakegmail.com
77,Judith Lopez,739306767,Judith.Lopez@fakegmail.com
78,Phyllis Mitchell,787242916,Phyllis.Mitchell@fakegmail.com
79,Andrew Young,570784995,Andrew.Young@fakegmail.com
80,Linda Diaz,884914946,Linda.Diaz@fakegmail.com
81,Sara Price,734141361,Sara.Price@fakegmail.com
82,Craig Hughes,690834660,Craig.Hughes@fakegmail.com
83,Stephanie Adams,789091513,Stephanie.Adams@fakegmail.com
84,Scott Carter,699258320,Scott.Carter@fakegmail.com
85,Anthony Scott,699668005,Anthony.Scott@fakegmail.com
86,Charles Alexander,697235824,Charles.Alexander@fakegmail.com
87,Roy Hill,881658881,Roy.Hill@fakegmail.com
88,Steven Martinez,786144507,Steven.Martinez@fakegmail.com
89,Eugene Cooper,727144649,Eugene.Cooper@fakegmail.com
90,Wayne Taylor,538766364,Wayne.Taylor@fakegmail.com
91,Helen Hernandez,720880141,Helen.Hernandez@fakegmail.com
92,Edward Thompson,789769973,Edward.Thompson@fakegmail.com
93,Frances Howard,731294991,Frances.Howard@fakegmail.com
94,Billy Morgan,729525697,Billy.Morgan@fakegmail.com
95,Amanda Ramirez,699039147,Amanda.Ramirez@fakegmail.com
96,Sandra Roberts,795694913,Sandra.Roberts@fakegmail.com
97,Ralph Evans,699043190,Ralph.Evans@fakegmail.com
98,Marie Moore,699050741,Marie.Moore@fakegmail.com
99,Dorothy Jones,793690168,Dorothy.Jones@fakegmail.com